{
    "deck": "*Budeget* Effective GvG Rogue Tempo (Mech Synergy)!",
	"RED_MODIFIER": -48.803558713282236,
	"YELLOW_MODIFIER": -11.224674467097728,
	"OWN_HP_FACTOR": 0.14996902907278864,
	"OPPONENT_HP_FACTOR": -2.0230072985287704,
	"OWN_CARD_COUNT": 4.132855301498971,
	"OPPONENT_CARD_COUNT": -4.577058921869457,
	"MINION_INTRINSIC_VALUE": 2.285553015021578,
	"MINION_ATTACK_FACTOR": 2.793246134001451,
	"MINION_HP_FACTOR": 1.5,
	"MINION_RED_TAUNT_MODIFIER": 10.711545515875244,
	"MINION_YELLOW_TAUNT_MODIFIER": 3.8732942739305773,
	"MINION_DEFAULT_TAUNT_MODIFIER": 2.1757223355543553,
	"MINION_WINDFURY_MODIFIER": 2.994253358356527,
	"MINION_DIVINE_SHIELD_MODIFIER": 0.38538298903310375,
	"MINION_SPELL_POWER_MODIFIER": 1.0,
	"MINION_STEALTHED_MODIFIER": 2.660502416907415,
	"MINION_UNTARGETABLE_BY_SPELLS_MODIFIER": 2.7616036350041426
}