{
    "deck": "(GvG) Face Hunter Season 9 Legend #24 NA",
	"RED_MODIFIER": -50.74442817563185,
	"YELLOW_MODIFIER": -45.4008353210228,
	"OWN_HP_FACTOR": 0.7508193696415226,
	"OPPONENT_HP_FACTOR": -4.975683193134163,
	"OWN_CARD_COUNT": -11.46299348412484,
	"OPPONENT_CARD_COUNT": 0.22641703440126815,
	"MINION_INTRINSIC_VALUE": 0.6481875719621666,
	"MINION_ATTACK_FACTOR": 5.652364118008309,
	"MINION_HP_FACTOR": 1.3324129443737278,
	"MINION_RED_TAUNT_MODIFIER": 10.524204678372168,
	"MINION_YELLOW_TAUNT_MODIFIER": 23.542877265462998,
	"MINION_DEFAULT_TAUNT_MODIFIER": 4.2453137253795425,
	"MINION_WINDFURY_MODIFIER": 2.0671218820194692,
	"MINION_DIVINE_SHIELD_MODIFIER": 1.1507303795144685,
	"MINION_SPELL_POWER_MODIFIER": 3.7213036522499343,
	"MINION_STEALTHED_MODIFIER": 0.9710135999168554,
	"MINION_UNTARGETABLE_BY_SPELLS_MODIFIER": 1.0
}