{
  "MINION_DEFAULT_TAUNT_MODIFIER": 0.8828493421917007,
  "deck": "Handlock Mechanization!   (?_? )",
  "MINION_UNTARGETABLE_BY_SPELLS_MODIFIER": 0.0,
  "MINION_HP_FACTOR": 0.0,
  "RED_MODIFIER": -51.11188853763535,
  "OPPONENT_HP_FACTOR": -2.1014486603663967,
  "MINION_INTRINSIC_VALUE": 2.4803740783056663,
  "MINION_WINDFURY_MODIFIER": 3.5721633351020885,
  "OPPONENT_CARD_COUNT": -1.8715261412724835,
  "MINION_STEALTHED_MODIFIER": 2.1718690181391915,
  "OWN_CARD_COUNT": 4.229052445352634,
  "MINION_RED_TAUNT_MODIFIER": 9.479147671156035,
  "YELLOW_MODIFIER": -8.102225668324532,
  "MINION_ATTACK_FACTOR": 2.4645867260898786,
  "HARD_REMOVAL_VALUE": 3.1955233658244744,
  "MINION_DIVINE_SHIELD_MODIFIER": 0.456232936251036,
  "MINION_SPELL_POWER_MODIFIER": 2.053100854673998,
  "OWN_HP_FACTOR": 2.0605171321700464,
  "MINION_YELLOW_TAUNT_MODIFIER": 2.8916046211292725
}